Name,Test Accuracy,Precision,Recall,F1 Score
SGD,0.9256,0.9255989911727617,0.9255989911727617,0.9221989275263023
RF,0.9193,0.9192938209331651,0.9192938209331651,0.9142953601290119
PAG,0.918,0.9180327868852459,0.9180327868852459,0.9138429431327406
SVC-linear,0.913,0.9129886506935687,0.9129886506935687,0.9087048474755952
XGB,0.9016,0.9016393442622951,0.9016393442622951,0.8953416700123991
KNN,0.8398,0.8398486759142497,0.8398486759142497,0.8239378852283522
