Name,Test Accuracy,Precision,Recall,F1 Score
SGD,0.9306,0.9306431273644389,0.9306431273644389,0.9274959621881536
PAG,0.9231,0.9230769230769231,0.9230769230769231,0.9188331500809226
SVC-linear,0.9218,0.9218158890290038,0.9218158890290038,0.9172503146108646
RF,0.9029,0.9029003783102144,0.9029003783102144,0.897259801488785
XGB,0.9004,0.9003783102143758,0.9003783102143758,0.89357713764697
KNN,0.889,0.8890290037831021,0.8890290037831021,0.8830317798868945
